Revenue,Cost,Demand,roi
2486.86,984.3473,1199,2.526405060490337
2470.42,984.0403,1164,2.5104866132006993
26714.37,10655.7569,13868,2.5070363607863464
7790.06,3110.1617,3433,2.504712214802208
18068.32,7217.5224,8638,2.5033964563795466
19003.4,7591.0691,9324,2.5033891471229004
6398.62,2558.0635,2926,2.5013530743079673
10141.97,4056.9256,4822,2.4999152067269854
11813.05,4728.0011,5552,2.498529452541794
42579.56,17043.4544,19089,2.4982940078156926
